{"cameraMode":{"drawMode":0,"name":"Shaded","section":"Shading Mode"},"sceneLighting":false,"audioPlay":false,"sceneViewState":{"m_AlwaysRefresh":false,"showFog":true,"showSkybox":false,"showFlares":true,"showImageEffects":true,"showParticleSystems":true,"showVisualEffectGraphs":true,"m_FxEnabled":true},"in2DMode":false,"pivot":{"x":0.13191455602645875,"y":0.23379552364349366,"z":0.5194575786590576},"rotation":{"x":0.3137950301170349,"y":-0.17385746538639069,"z":0.05856125056743622,"w":0.9316003322601318},"size":1.3266499042510987,"orthographic":false}