{"cameraMode":{"drawMode":0,"name":"Shaded","section":"Shading Mode"},"sceneLighting":false,"audioPlay":false,"sceneViewState":{"m_AlwaysRefresh":false,"showFog":true,"showSkybox":false,"showFlares":true,"showImageEffects":true,"showParticleSystems":true,"showVisualEffectGraphs":true,"m_FxEnabled":true},"in2DMode":false,"pivot":{"x":0.0065000057220458988,"y":1.8934998512268067,"z":-0.9960000514984131},"rotation":{"x":0.39239048957824709,"y":0.20952650904655457,"z":-0.09229026734828949,"w":0.8908517360687256},"size":5.212367057800293,"orthographic":false}