{"cameraMode":{"drawMode":0,"name":"Shaded","section":"Shading Mode"},"sceneLighting":true,"audioPlay":false,"sceneViewState":{"m_AlwaysRefresh":false,"showFog":true,"showSkybox":true,"showFlares":true,"showImageEffects":true,"showParticleSystems":true,"showVisualEffectGraphs":true,"m_FxEnabled":true},"in2DMode":false,"pivot":{"x":16.503070831298829,"y":2.889857769012451,"z":18.085433959960939},"rotation":{"x":-0.3660891056060791,"y":0.029854997992515565,"z":-0.011757984757423401,"w":-0.9300410151481628},"size":3.342097520828247,"orthographic":false}