{"cameraMode":{"drawMode":0,"name":"Shaded","section":"Shading Mode"},"sceneLighting":true,"audioPlay":false,"sceneViewState":{"m_AlwaysRefresh":false,"showFog":true,"showSkybox":true,"showFlares":true,"showImageEffects":true,"showParticleSystems":true,"showVisualEffectGraphs":true,"m_FxEnabled":true},"in2DMode":false,"pivot":{"x":20.475419998168947,"y":12.532360076904297,"z":8.595205307006836},"rotation":{"x":-0.0039887577295303349,"y":0.9907042384147644,"z":-0.029729459434747697,"w":-0.13275040686130525},"size":6.873176097869873,"orthographic":false}