{"cameraMode":{"drawMode":0,"name":"Shaded","section":"Shading Mode"},"sceneLighting":true,"audioPlay":false,"sceneViewState":{"m_AlwaysRefresh":false,"showFog":true,"showSkybox":true,"showFlares":true,"showImageEffects":true,"showParticleSystems":true,"showVisualEffectGraphs":true,"m_FxEnabled":true},"in2DMode":false,"pivot":{"x":0.9453976154327393,"y":0.4168800711631775,"z":0.08013167977333069},"rotation":{"x":0.16124096512794496,"y":0.5308628678321838,"z":-0.1036912202835083,"w":0.8254913687705994},"size":1.8073949813842774,"orthographic":false}