{"cameraMode":{"drawMode":0,"name":"Shaded","section":"Shading Mode"},"sceneLighting":true,"audioPlay":false,"sceneViewState":{"m_AlwaysRefresh":false,"showFog":true,"showSkybox":true,"showFlares":true,"showImageEffects":true,"showParticleSystems":true,"showVisualEffectGraphs":true,"m_FxEnabled":true},"in2DMode":false,"pivot":{"x":365.7986755371094,"y":596.6966552734375,"z":255.29681396484376},"rotation":{"x":-0.1551191359758377,"y":0.0828515887260437,"z":-0.013088211417198182,"w":-0.9843629598617554},"size":11.136272430419922,"orthographic":true}
