{"cameraMode":{"drawMode":0,"name":"Shaded","section":"Shading Mode"},"sceneLighting":true,"audioPlay":false,"sceneViewState":{"m_AlwaysRefresh":false,"showFog":true,"showSkybox":true,"showFlares":true,"showImageEffects":true,"showParticleSystems":true,"showVisualEffectGraphs":true,"m_FxEnabled":true},"in2DMode":false,"pivot":{"x":1.0115911960601807,"y":2.4607319831848146,"z":-0.8499034643173218},"rotation":{"x":0.02033025026321411,"y":0.9659925699234009,"z":-0.24501191079616548,"w":0.0801645889878273},"size":1.000000238418579,"orthographic":false}