{"cameraMode":{"drawMode":0,"name":"Shaded","section":"Shading Mode"},"sceneLighting":false,"audioPlay":false,"sceneViewState":{"m_AlwaysRefresh":false,"showFog":true,"showSkybox":false,"showFlares":true,"showImageEffects":true,"showParticleSystems":true,"showVisualEffectGraphs":true,"m_FxEnabled":true},"in2DMode":false,"pivot":{"x":-0.0928831398487091,"y":-0.021081358194351198,"z":-0.06934326887130737},"rotation":{"x":0.35495731234550478,"y":0.04514084756374359,"z":-0.017158767208456994,"w":0.9336411952972412},"size":1.6266498565673829,"orthographic":false}