{"cameraMode":{"drawMode":0,"name":"Shaded","section":"Shading Mode"},"sceneLighting":false,"audioPlay":false,"sceneViewState":{"m_AlwaysRefresh":false,"showFog":true,"showSkybox":false,"showFlares":true,"showImageEffects":true,"showParticleSystems":true,"showVisualEffectGraphs":true,"m_FxEnabled":true},"in2DMode":false,"pivot":{"x":-0.032766103744506839,"y":-0.36410218477249148,"z":-0.11596864461898804},"rotation":{"x":-0.11892391741275788,"y":0.8213420510292053,"z":-0.18566085398197175,"w":-0.526105523109436},"size":1.3266499042510987,"orthographic":false}