{"cameraMode":{"drawMode":0,"name":"Shaded","section":"Shading Mode"},"sceneLighting":true,"audioPlay":false,"sceneViewState":{"m_AlwaysRefresh":false,"showFog":true,"showSkybox":true,"showFlares":true,"showImageEffects":true,"showParticleSystems":true,"showVisualEffectGraphs":true,"m_FxEnabled":true},"in2DMode":false,"pivot":{"x":-2.653351306915283,"y":-3.1729068756103517,"z":0.0029811859130859377},"rotation":{"x":0.7618131637573242,"y":-0.002905037021264434,"z":0.0034235077910125257,"w":0.6477941870689392},"size":16.562685012817384,"orthographic":true}