{"cameraMode":{"drawMode":0,"name":"Shaded","section":"Shading Mode"},"sceneLighting":false,"audioPlay":false,"sceneViewState":{"m_AlwaysRefresh":false,"showFog":true,"showSkybox":false,"showFlares":true,"showImageEffects":true,"showParticleSystems":true,"showVisualEffectGraphs":true,"m_FxEnabled":true},"in2DMode":false,"pivot":{"x":0.24272584915161134,"y":1.2866075038909913,"z":-0.19535750150680543},"rotation":{"x":-0.12713098526000977,"y":0.7889909148216248,"z":-0.17436382174491883,"w":-0.5752649307250977},"size":1.3192638158798218,"orthographic":false}