{"cameraMode":{"drawMode":0,"name":"Shaded","section":"Shading Mode"},"sceneLighting":false,"audioPlay":false,"sceneViewState":{"m_AlwaysRefresh":false,"showFog":true,"showSkybox":false,"showFlares":true,"showImageEffects":true,"showParticleSystems":true,"showVisualEffectGraphs":true,"m_FxEnabled":true},"in2DMode":false,"pivot":{"x":0.0065000057220458988,"y":1.8934998512268067,"z":-0.9960000514984131},"rotation":{"x":-0.08685651421546936,"y":0.9001484513282776,"z":-0.21058306097984315,"w":-0.3712728023529053},"size":11.667412757873536,"orthographic":false}